yogurt,water,pastry,shopping bags,tropical fruit,soda,sausage,,
bread,tropical fruit,pastry,vegetables,soda,sausage,milk,shopping bags,
bread,pastry,tropical fruit,water,yogurt,vegetables,sausage,shopping bags,
shopping bags,water,pastry,bread,sausage,vegetables,,,
vegetables,yogurt,soda,sausage,water,shopping bags,,,
soda,pastry,tropical fruit,bread,shopping bags,sausage,,,
sausage,tropical fruit,bread,,,,,,
vegetables,bread,tropical fruit,milk,yogurt,water,sausage,pastry,shopping bags
water,pastry,bread,vegetables,shopping bags,,,,
vegetables,sausage,pastry,bread,yogurt,shopping bags,,,
tropical fruit,bread,sausage,water,yogurt,soda,shopping bags,,
vegetables,sausage,tropical fruit,pastry,bread,shopping bags,,,
vegetables,yogurt,sausage,,,,,,
tropical fruit,soda,vegetables,pastry,shopping bags,water,bread,,
tropical fruit,soda,bread,shopping bags,sausage,water,vegetables,pastry,
tropical fruit,soda,water,sausage,shopping bags,,,,
soda,bread,milk,vegetables,shopping bags,,,,
tropical fruit,pastry,water,shopping bags,bread,,,,
tropical fruit,shopping bags,soda,water,vegetables,pastry,yogurt,milk,
soda,pastry,shopping bags,vegetables,sausage,bread,tropical fruit,water,
sausage,milk,yogurt,water,pastry,shopping bags,bread,tropical fruit,soda
tropical fruit,bread,soda,shopping bags,water,yogurt,milk,vegetables,pastry
pastry,sausage,tropical fruit,bread,shopping bags,yogurt,vegetables,,
vegetables,bread,yogurt,water,soda,sausage,tropical fruit,shopping bags,
water,pastry,bread,milk,sausage,vegetables,shopping bags,,
pastry,water,soda,vegetables,sausage,milk,shopping bags,bread,tropical fruit
tropical fruit,milk,sausage,,,,,,
tropical fruit,water,yogurt,pastry,soda,vegetables,shopping bags,,
water,soda,yogurt,bread,milk,shopping bags,pastry,,
bread,pastry,sausage,soda,yogurt,water,shopping bags,,
soda,shopping bags,pastry,bread,milk,sausage,vegetables,yogurt,tropical fruit
tropical fruit,sausage,shopping bags,soda,bread,,,,
shopping bags,tropical fruit,bread,pastry,milk,sausage,,,
tropical fruit,yogurt,sausage,soda,bread,milk,vegetables,shopping bags,
vegetables,shopping bags,soda,pastry,water,milk,tropical fruit,,
milk,pastry,shopping bags,,,,,,
tropical fruit,pastry,shopping bags,,,,,,
bread,yogurt,water,,,,,,
tropical fruit,milk,water,pastry,vegetables,sausage,shopping bags,soda,
bread,shopping bags,sausage,tropical fruit,pastry,yogurt,,,
soda,water,pastry,shopping bags,milk,bread,,,
milk,soda,shopping bags,vegetables,sausage,,,,
yogurt,tropical fruit,soda,shopping bags,vegetables,,,,
bread,soda,pastry,,,,,,
shopping bags,yogurt,soda,water,,,,,
vegetables,bread,milk,water,tropical fruit,soda,shopping bags,,
pastry,soda,tropical fruit,,,,,,
sausage,shopping bags,milk,vegetables,pastry,bread,soda,yogurt,water
yogurt,soda,shopping bags,vegetables,tropical fruit,water,pastry,bread,
bread,sausage,milk,tropical fruit,vegetables,pastry,shopping bags,water,
soda,tropical fruit,vegetables,sausage,pastry,milk,yogurt,water,shopping bags
soda,shopping bags,pastry,milk,yogurt,vegetables,water,sausage,tropical fruit
shopping bags,sausage,vegetables,water,bread,pastry,milk,soda,yogurt
sausage,water,yogurt,vegetables,tropical fruit,soda,milk,shopping bags,
pastry,vegetables,sausage,water,shopping bags,,,,
sausage,water,yogurt,tropical fruit,soda,vegetables,shopping bags,pastry,milk
water,sausage,vegetables,bread,shopping bags,,,,
yogurt,tropical fruit,milk,sausage,shopping bags,,,,
tropical fruit,shopping bags,soda,yogurt,vegetables,,,,
bread,sausage,tropical fruit,pastry,shopping bags,,,,
shopping bags,milk,pastry,tropical fruit,water,sausage,yogurt,,
tropical fruit,soda,yogurt,shopping bags,,,,,
vegetables,pastry,milk,bread,sausage,yogurt,tropical fruit,shopping bags,
sausage,milk,bread,tropical fruit,shopping bags,,,,
yogurt,pastry,sausage,water,shopping bags,,,,
pastry,soda,yogurt,milk,,,,,
pastry,water,milk,bread,shopping bags,,,,
yogurt,water,milk,bread,soda,tropical fruit,pastry,vegetables,shopping bags
milk,vegetables,soda,bread,tropical fruit,water,pastry,shopping bags,
milk,vegetables,tropical fruit,shopping bags,,,,,
vegetables,water,yogurt,shopping bags,,,,,
milk,soda,vegetables,yogurt,shopping bags,bread,,,
yogurt,water,pastry,tropical fruit,milk,sausage,bread,vegetables,shopping bags
tropical fruit,shopping bags,water,soda,yogurt,,,,
soda,vegetables,tropical fruit,bread,water,pastry,milk,shopping bags,
water,soda,bread,vegetables,sausage,yogurt,shopping bags,,
milk,water,bread,tropical fruit,soda,yogurt,pastry,shopping bags,sausage
soda,tropical fruit,sausage,yogurt,,,,,
milk,shopping bags,yogurt,pastry,bread,sausage,,,
shopping bags,water,milk,soda,tropical fruit,yogurt,bread,,
sausage,tropical fruit,bread,vegetables,milk,shopping bags,,,
yogurt,soda,tropical fruit,shopping bags,pastry,milk,sausage,water,
soda,shopping bags,vegetables,sausage,tropical fruit,milk,,,
sausage,bread,milk,water,vegetables,tropical fruit,shopping bags,pastry,
shopping bags,water,bread,,,,,,
sausage,pastry,yogurt,soda,shopping bags,,,,
soda,vegetables,yogurt,shopping bags,sausage,pastry,,,
water,shopping bags,milk,vegetables,,,,,
tropical fruit,milk,bread,shopping bags,,,,,
milk,yogurt,tropical fruit,shopping bags,water,vegetables,,,
water,tropical fruit,soda,milk,yogurt,vegetables,shopping bags,,
shopping bags,tropical fruit,soda,,,,,,
sausage,pastry,vegetables,tropical fruit,yogurt,shopping bags,,,
pastry,tropical fruit,milk,water,yogurt,vegetables,shopping bags,sausage,
pastry,vegetables,milk,,,,,,
soda,water,milk,sausage,yogurt,pastry,vegetables,tropical fruit,shopping bags
vegetables,tropical fruit,bread,soda,yogurt,pastry,shopping bags,,
water,yogurt,tropical fruit,bread,pastry,sausage,milk,shopping bags,
pastry,sausage,milk,yogurt,bread,vegetables,shopping bags,,
yogurt,tropical fruit,soda,vegetables,water,bread,shopping bags,,
